path,class_name,lineno
F:\python_workplace\mindspore-master\mindspore\ccsrc\debug\debugger\offline_debug\mi_pybind_register.cc,DbgServices,24
F:\python_workplace\mindspore-master\mindspore\ccsrc\debug\debugger\offline_debug\mi_pybind_register.cc,watchpoint_hit_t,44
F:\python_workplace\mindspore-master\mindspore\ccsrc\debug\debugger\offline_debug\mi_pybind_register.cc,TensorStatData,77
F:\python_workplace\mindspore-master\mindspore\ccsrc\minddata\mindrecord\common\shard_pybind.cc,ShardHeader,78
F:\python_workplace\mindspore-master\mindspore\ccsrc\minddata\mindrecord\common\shard_pybind.cc,ShardReader,202
F:\python_workplace\mindspore-master\mindspore\ccsrc\minddata\mindrecord\common\shard_pybind.cc,ShardSegment,251
F:\python_workplace\mindspore-master\mindspore\ccsrc\pipeline\jit\init.cc,Profiler,79
F:\python_workplace\mindspore-master\mindspore\ccsrc\pipeline\jit\init.cc,GraphExecutorPy,149
F:\python_workplace\mindspore-master\mindspore\ccsrc\pipeline\jit\init.cc,ParallelContext,232
F:\python_workplace\mindspore-master\mindspore\ccsrc\pipeline\jit\init.cc,CostModelContext,333
F:\python_workplace\mindspore-master\mindspore\ccsrc\pipeline\jit\init.cc,OffloadContext,431
F:\python_workplace\mindspore-master\mindspore\ccsrc\pipeline\jit\init.cc,EventWriter,488
F:\python_workplace\mindspore-master\mindspore\ccsrc\pipeline\jit\init.cc,CollectiveManager,503
F:\python_workplace\mindspore-master\mindspore\ccsrc\pipeline\jit\init.cc,PSContext,516
F:\python_workplace\mindspore-master\mindspore\ccsrc\pipeline\jit\init.cc,RecoveryContext,565
F:\python_workplace\mindspore-master\mindspore\ccsrc\pipeline\pynative\pynative_execute.cc,PyNativeExecutor,271
F:\python_workplace\mindspore-master\mindspore\ccsrc\pybind_api\ir\primitive_py.cc,PrimitivePyAdapter,741
F:\python_workplace\mindspore-master\mindspore\ccsrc\pybind_api\utils\ms_context_py.cc,MsContext,112
F:\python_workplace\mindspore-master\mindspore\lite\python\src\context_pybind.cc,GPUDeviceInfo,38
F:\python_workplace\mindspore-master\mindspore\lite\python\src\context_pybind.cc,AscendDeviceInfo,48
F:\python_workplace\mindspore-master\mindspore\lite\python\src\context_pybind.cc,Context,82
F:\python_workplace\mindspore-master\mindspore\lite\python\src\converter_pybind.cc,Converter,33
F:\python_workplace\mindspore-master\mindspore\lite\python\src\model_pybind.cc,Model,62
F:\python_workplace\mindspore-master\mindspore\lite\python\src\model_pybind.cc,RunnerConfig,88
F:\python_workplace\mindspore-master\mindspore\lite\python\src\tensor_pybind.cc,MSTensor,75
