module_name,module_asname,c_file_path,c_lineno,python_file_path,py_lineno
libpaddle,,F:\DLFs_dataset\paddle\Paddle-2.4.2\paddle\fluid\pybind\pybind.cc,587,F:\DLFs_dataset\paddle\Paddle-2.4.2\python\paddle\fluid\core.py,288
libpaddle,,F:\DLFs_dataset\paddle\Paddle-2.4.2\paddle\fluid\pybind\pybind.cc,587,F:\DLFs_dataset\paddle\Paddle-2.4.2\python\paddle\fluid\core.py,297
libpaddle,,F:\DLFs_dataset\paddle\Paddle-2.4.2\paddle\fluid\pybind\pybind.cc,587,F:\DLFs_dataset\paddle\Paddle-2.4.2\python\paddle\fluid\core.py,318
libpaddle,,F:\DLFs_dataset\paddle\Paddle-2.4.2\paddle\fluid\pybind\pybind.cc,587,F:\DLFs_dataset\paddle\Paddle-2.4.2\python\paddle\fluid\core.py,290
libpaddle,,F:\DLFs_dataset\paddle\Paddle-2.4.2\paddle\fluid\pybind\pybind.cc,587,F:\DLFs_dataset\paddle\Paddle-2.4.2\python\paddle\fluid\core.py,311
libpaddle,,F:\DLFs_dataset\paddle\Paddle-2.4.2\paddle\fluid\pybind\pybind.cc,587,F:\DLFs_dataset\paddle\Paddle-2.4.2\python\paddle\fluid\core.py,320
libpaddle,,F:\DLFs_dataset\paddle\Paddle-2.4.2\paddle\fluid\pybind\pybind.cc,587,F:\DLFs_dataset\paddle\Paddle-2.4.2\python\paddle\fluid\core.py,274
libpaddle,,F:\DLFs_dataset\paddle\Paddle-2.4.2\paddle\fluid\pybind\pybind.cc,587,F:\DLFs_dataset\paddle\Paddle-2.4.2\python\paddle\fluid\core.py,322
libpaddle,,F:\DLFs_dataset\paddle\Paddle-2.4.2\paddle\fluid\pybind\pybind.cc,587,F:\DLFs_dataset\paddle\Paddle-2.4.2\python\paddle\fluid\core.py,306
libpaddle,,F:\DLFs_dataset\paddle\Paddle-2.4.2\paddle\fluid\pybind\pybind.cc,587,F:\DLFs_dataset\paddle\Paddle-2.4.2\python\paddle\fluid\core.py,315
libpaddle,,F:\DLFs_dataset\paddle\Paddle-2.4.2\paddle\fluid\pybind\pybind.cc,587,F:\DLFs_dataset\paddle\Paddle-2.4.2\python\paddle\fluid\core.py,299
libpaddle,,F:\DLFs_dataset\paddle\Paddle-2.4.2\paddle\fluid\pybind\pybind.cc,587,F:\DLFs_dataset\paddle\Paddle-2.4.2\python\paddle\fluid\core.py,308
libpaddle,,F:\DLFs_dataset\paddle\Paddle-2.4.2\paddle\fluid\pybind\pybind.cc,587,F:\DLFs_dataset\paddle\Paddle-2.4.2\python\paddle\fluid\core.py,317
libpaddle,,F:\DLFs_dataset\paddle\Paddle-2.4.2\paddle\fluid\pybind\pybind.cc,587,F:\DLFs_dataset\paddle\Paddle-2.4.2\python\paddle\fluid\core.py,292
libpaddle,,F:\DLFs_dataset\paddle\Paddle-2.4.2\paddle\fluid\pybind\pybind.cc,587,F:\DLFs_dataset\paddle\Paddle-2.4.2\python\paddle\fluid\core.py,301
libpaddle,,F:\DLFs_dataset\paddle\Paddle-2.4.2\paddle\fluid\pybind\pybind.cc,587,F:\DLFs_dataset\paddle\Paddle-2.4.2\python\paddle\fluid\core.py,310
libpaddle,,F:\DLFs_dataset\paddle\Paddle-2.4.2\paddle\fluid\pybind\pybind.cc,587,F:\DLFs_dataset\paddle\Paddle-2.4.2\python\paddle\fluid\core.py,319
libpaddle,,F:\DLFs_dataset\paddle\Paddle-2.4.2\paddle\fluid\pybind\pybind.cc,587,F:\DLFs_dataset\paddle\Paddle-2.4.2\python\paddle\fluid\core.py,294
libpaddle,,F:\DLFs_dataset\paddle\Paddle-2.4.2\paddle\fluid\pybind\pybind.cc,587,F:\DLFs_dataset\paddle\Paddle-2.4.2\python\paddle\fluid\core.py,303
libpaddle,,F:\DLFs_dataset\paddle\Paddle-2.4.2\paddle\fluid\pybind\pybind.cc,587,F:\DLFs_dataset\paddle\Paddle-2.4.2\python\paddle\fluid\core.py,312
libpaddle,,F:\DLFs_dataset\paddle\Paddle-2.4.2\paddle\fluid\pybind\pybind.cc,587,F:\DLFs_dataset\paddle\Paddle-2.4.2\python\paddle\fluid\core.py,321
libpaddle,,F:\DLFs_dataset\paddle\Paddle-2.4.2\paddle\fluid\pybind\pybind.cc,587,F:\DLFs_dataset\paddle\Paddle-2.4.2\python\paddle\fluid\core.py,287
libpaddle,,F:\DLFs_dataset\paddle\Paddle-2.4.2\paddle\fluid\pybind\pybind.cc,587,F:\DLFs_dataset\paddle\Paddle-2.4.2\python\paddle\fluid\core.py,296
libpaddle,,F:\DLFs_dataset\paddle\Paddle-2.4.2\paddle\fluid\pybind\pybind.cc,587,F:\DLFs_dataset\paddle\Paddle-2.4.2\python\paddle\fluid\core.py,305
libpaddle,,F:\DLFs_dataset\paddle\Paddle-2.4.2\paddle\fluid\pybind\pybind.cc,587,F:\DLFs_dataset\paddle\Paddle-2.4.2\python\paddle\fluid\core.py,289
libpaddle,,F:\DLFs_dataset\paddle\Paddle-2.4.2\paddle\fluid\pybind\pybind.cc,587,F:\DLFs_dataset\paddle\Paddle-2.4.2\python\paddle\fluid\core.py,298
libpaddle,,F:\DLFs_dataset\paddle\Paddle-2.4.2\paddle\fluid\pybind\pybind.cc,587,F:\DLFs_dataset\paddle\Paddle-2.4.2\python\paddle\fluid\core.py,307
libpaddle,,F:\DLFs_dataset\paddle\Paddle-2.4.2\paddle\fluid\pybind\pybind.cc,587,F:\DLFs_dataset\paddle\Paddle-2.4.2\python\paddle\fluid\core.py,316
libpaddle,,F:\DLFs_dataset\paddle\Paddle-2.4.2\paddle\fluid\pybind\pybind.cc,587,F:\DLFs_dataset\paddle\Paddle-2.4.2\python\paddle\fluid\core.py,291
libpaddle,,F:\DLFs_dataset\paddle\Paddle-2.4.2\paddle\fluid\pybind\pybind.cc,587,F:\DLFs_dataset\paddle\Paddle-2.4.2\python\paddle\fluid\core.py,300
libpaddle,,F:\DLFs_dataset\paddle\Paddle-2.4.2\paddle\fluid\pybind\pybind.cc,587,F:\DLFs_dataset\paddle\Paddle-2.4.2\python\paddle\fluid\core.py,309
libpaddle,,F:\DLFs_dataset\paddle\Paddle-2.4.2\paddle\fluid\pybind\pybind.cc,587,F:\DLFs_dataset\paddle\Paddle-2.4.2\python\paddle\fluid\core.py,293
libpaddle,,F:\DLFs_dataset\paddle\Paddle-2.4.2\paddle\fluid\pybind\pybind.cc,587,F:\DLFs_dataset\paddle\Paddle-2.4.2\python\paddle\fluid\core.py,302
libpaddle,,F:\DLFs_dataset\paddle\Paddle-2.4.2\paddle\fluid\pybind\pybind.cc,587,F:\DLFs_dataset\paddle\Paddle-2.4.2\python\paddle\fluid\core.py,295
libpaddle,,F:\DLFs_dataset\paddle\Paddle-2.4.2\paddle\fluid\pybind\pybind.cc,587,F:\DLFs_dataset\paddle\Paddle-2.4.2\python\paddle\fluid\core.py,304
