        lineno,path
171,F:\python_workplace\pytorch-master\torch\_appdirs.py
178,F:\python_workplace\pytorch-master\torch\_appdirs.py
278,F:\python_workplace\pytorch-master\torch\_appdirs.py
284,F:\python_workplace\pytorch-master\torch\_appdirs.py
807,F:\python_workplace\pytorch-master\torch\testing\_internal\common_utils.py
70,F:\python_workplace\pytorch-master\torch\distributed\elastic\multiprocessing\redirects.py
59,F:\python_workplace\pytorch-master\torch\__init__.py
56,F:\python_workplace\pytorch-master\torch\_inductor\codecache.py
298,F:\python_workplace\pytorch-master\torch\_inductor\codecache.py
32,F:\python_workplace\pytorch-master\caffe2\python\__init__.py
46,F:\python_workplace\pytorch-master\caffe2\python\__init__.py
