path,lineno
F:\DLFs_dataset\pytorch\pytorch-2.0.1\torch\utils\data\_utils\worker.py,30
F:\DLFs_dataset\pytorch\pytorch-2.0.1\torch\distributed\elastic\multiprocessing\redirects.py,32
F:\DLFs_dataset\pytorch\pytorch-2.0.1\test\distributed\elastic\multiprocessing\redirects_test.py,23
F:\DLFs_dataset\pytorch\pytorch-2.0.1\caffe2\python\__init__.py,52
F:\DLFs_dataset\pytorch\pytorch-2.0.1\torch\__init__.py,93
F:\DLFs_dataset\pytorch\pytorch-2.0.1\torch\__init__.py,106
F:\DLFs_dataset\pytorch\pytorch-2.0.1\torch\__init__.py,105
F:\DLFs_dataset\pytorch\pytorch-2.0.1\torch\__init__.py,107
F:\DLFs_dataset\pytorch\pytorch-2.0.1\torch\_inductor\codecache.py,474
F:\DLFs_dataset\pytorch\pytorch-2.0.1\torch\cuda\__init__.py,543
F:\DLFs_dataset\pytorch\pytorch-2.0.1\torch\cuda\__init__.py,561
